[
 {
  "name": "Aldo gutierrez",
  "email": "aldog@gmail.com",
  "whatsapp": "1145435678",
  "message": "quiero reservar una fecha para el 14 marzo 2023."
 },
 {
  "name": "Alfonso Lombardi",
  "email": "ajavierlombardi@gmail.com",
  "whatsapp": "1164986533",
  "message": "asfbavasfasg"
 },
 {
  "name": "Alfonso Lombardi",
  "email": "ajavierlombardi@gmail.com",
  "whatsapp": "1164986533",
  "message": "asfbavasfasg"
 },
 {
  "name": "javier garcia",
  "email": "javierg@gmail.com",
  "whatsapp": "1164324563",
  "message": "quisiera reservar una fecha de marzo para varias actividades."
 },
 {
  "name": "jeronimo",
  "email": "jero@gmail.com",
  "whatsapp": "1164982234",
  "message": "y no se que pasa"
 },
 {
  "name": "pedro",
  "email": "pedroluna@gmail.com",
  "whatsapp": "1143536547",
  "message": "quisiera saber precios sobre kayac?"
 },
 {
  "name": "lionel messi",
  "email": "liomessi2022@gmail.com",
  "whatsapp": "1164324563",
  "message": "soy leo y quiero tomarme unas vacaciones con ustedes"
 }
]